id,snapshot_id,chat_order,role,message
43000000-0000-0000-0000-000000000001,42000000-0000-0000-0000-000000000001,0,user,売上データを分析してください
43000000-0000-0000-0000-000000000002,42000000-0000-0000-0000-000000000001,1,assistant,売上データの分析を開始します。月次推移を確認しましょう。
43000000-0000-0000-0000-000000000003,42000000-0000-0000-0000-000000000002,0,user,前年比較をお願いします
43000000-0000-0000-0000-000000000004,42000000-0000-0000-0000-000000000002,1,assistant,前年同月比で分析を行います。
43000000-0000-0000-0000-000000000005,42000000-0000-0000-0000-000000000003,0,user,商品別の売上構成を見たい
43000000-0000-0000-0000-000000000006,42000000-0000-0000-0000-000000000003,1,assistant,商品カテゴリ別の売上構成比を算出します。
43000000-0000-0000-0000-000000000007,42000000-0000-0000-0000-000000000004,0,user,上位商品を抽出してください
43000000-0000-0000-0000-000000000008,42000000-0000-0000-0000-000000000004,1,assistant,売上上位10商品を抽出しました。
43000000-0000-0000-0000-000000000009,42000000-0000-0000-0000-000000000005,0,user,部門別コストを分析してください
43000000-0000-0000-0000-000000000010,42000000-0000-0000-0000-000000000005,1,assistant,各部門のコスト構造を分析します。
43000000-0000-0000-0000-000000000011,42000000-0000-0000-0000-000000000006,0,user,変動費と固定費を分類してください
43000000-0000-0000-0000-000000000012,42000000-0000-0000-0000-000000000006,1,assistant,費用科目を変動費・固定費に分類しました。
43000000-0000-0000-0000-000000000013,42000000-0000-0000-0000-000000000007,0,user,費用削減の余地を探してください
43000000-0000-0000-0000-000000000014,42000000-0000-0000-0000-000000000007,1,assistant,削減可能性の高い費目を特定しました。
43000000-0000-0000-0000-000000000015,42000000-0000-0000-0000-000000000008,0,user,顧客をセグメント分けしてください
43000000-0000-0000-0000-000000000016,42000000-0000-0000-0000-000000000008,1,assistant,購買行動に基づくセグメンテーションを実施します。
43000000-0000-0000-0000-000000000017,42000000-0000-0000-0000-000000000009,0,user,顧客LTVを計算してください
43000000-0000-0000-0000-000000000018,42000000-0000-0000-0000-000000000009,1,assistant,顧客生涯価値を算出しました。
43000000-0000-0000-0000-000000000019,42000000-0000-0000-0000-000000000010,0,user,高LTV顧客の特徴を分析してください
43000000-0000-0000-0000-000000000020,42000000-0000-0000-0000-000000000010,1,assistant,高LTV顧客の共通属性を特定しました。
43000000-0000-0000-0000-000000000021,42000000-0000-0000-0000-000000000011,0,user,在庫回転率を計算してください
43000000-0000-0000-0000-000000000022,42000000-0000-0000-0000-000000000011,1,assistant,商品別の在庫回転率を算出しました。
43000000-0000-0000-0000-000000000023,42000000-0000-0000-0000-000000000012,0,user,人員配置を最適化したい
43000000-0000-0000-0000-000000000024,42000000-0000-0000-0000-000000000012,1,assistant,部門別の人員配置分析を開始します。
43000000-0000-0000-0000-000000000025,42000000-0000-0000-0000-000000000013,0,user,効率の低い部署を特定してください
43000000-0000-0000-0000-000000000026,42000000-0000-0000-0000-000000000013,1,assistant,生産性指標に基づき改善余地のある部署を特定しました。
43000000-0000-0000-0000-000000000027,42000000-0000-0000-0000-000000000014,0,user,広告効果を測定してください
43000000-0000-0000-0000-000000000028,42000000-0000-0000-0000-000000000014,1,assistant,チャネル別の広告ROIを計算します。
43000000-0000-0000-0000-000000000029,42000000-0000-0000-0000-000000000015,0,user,生産効率を分析してください
43000000-0000-0000-0000-000000000030,42000000-0000-0000-0000-000000000015,1,assistant,ライン別の生産効率を分析しました。
43000000-0000-0000-0000-000000000031,42000000-0000-0000-0000-000000000016,0,user,ボトルネックを特定してください
43000000-0000-0000-0000-000000000032,42000000-0000-0000-0000-000000000016,1,assistant,生産ラインのボトルネック工程を特定しました。
