id,project_id,name,description,root_node_id,formula_id
33000000-0000-0000-0000-000000000001,20000000-0000-0000-0000-000000000001,ドライバーツリー1,プロジェクト1のドライバーツリー,,
33000000-0000-0000-0000-000000000002,20000000-0000-0000-0000-000000000002,ドライバーツリー2,プロジェクト2のドライバーツリー,30000000-0000-0000-0000-000000000004,
33000000-0000-0000-0000-000000000003,20000000-0000-0000-0000-000000000003,ドライバーツリー3,プロジェクト3のドライバーツリー,30000000-0000-0000-0000-000000000016,
33000000-0000-0000-0000-000000000004,20000000-0000-0000-0000-000000000004,ドライバーツリー4,プロジェクト4のドライバーツリー,30000000-0000-0000-0000-000000000009,
33000000-0000-0000-0000-000000000005,20000000-0000-0000-0000-000000000005,ドライバーツリー5,プロジェクト5のドライバーツリー,30000000-0000-0000-0000-000000000021,
33000000-0000-0000-0000-000000000006,20000000-0000-0000-0000-000000000006,ドライバーツリー6,プロジェクト6のドライバーツリー,30000000-0000-0000-0000-000000000012,
33000000-0000-0000-0000-000000000007,20000000-0000-0000-0000-000000000007,ドライバーツリー7,プロジェクト7のドライバーツリー,30000000-0000-0000-0000-000000000025,
33000000-0000-0000-0000-000000000008,20000000-0000-0000-0000-000000000008,ドライバーツリー8,プロジェクト8のドライバーツリー,30000000-0000-0000-0000-000000000029,
33000000-0000-0000-0000-000000000009,20000000-0000-0000-0000-000000000009,ドライバーツリー9,プロジェクト9のドライバーツリー,30000000-0000-0000-0000-000000000032,
33000000-0000-0000-0000-000000000010,20000000-0000-0000-0000-000000000010,ドライバーツリー10,プロジェクト10のドライバーツリー,30000000-0000-0000-0000-000000000019,
