id,issue_id,chart_file,chart_order
15000000-0000-0000-0000-000000000001,11000000-0000-0000-0000-000000000001,15000000-0000-0000-0000-000000000001.json,0
15000000-0000-0000-0000-000000000002,11000000-0000-0000-0000-000000000001,15000000-0000-0000-0000-000000000002.json,1
15000000-0000-0000-0000-000000000003,11000000-0000-0000-0000-000000000001,15000000-0000-0000-0000-000000000003.json,2
15000000-0000-0000-0000-000000000004,11000000-0000-0000-0000-000000000002,15000000-0000-0000-0000-000000000004.json,0
15000000-0000-0000-0000-000000000005,11000000-0000-0000-0000-000000000002,15000000-0000-0000-0000-000000000005.json,1
15000000-0000-0000-0000-000000000006,11000000-0000-0000-0000-000000000003,15000000-0000-0000-0000-000000000006.json,0
15000000-0000-0000-0000-000000000007,11000000-0000-0000-0000-000000000003,15000000-0000-0000-0000-000000000007.json,1
15000000-0000-0000-0000-000000000008,11000000-0000-0000-0000-000000000004,15000000-0000-0000-0000-000000000008.json,0
15000000-0000-0000-0000-000000000009,11000000-0000-0000-0000-000000000005,15000000-0000-0000-0000-000000000009.json,0
15000000-0000-0000-0000-000000000010,11000000-0000-0000-0000-000000000006,15000000-0000-0000-0000-000000000010.json,0
